"MP","PI","OM5b: Base Case","Mean","Min"
"IR_T1","PGK_Tune",0.611466666666667,0.611466666666667,0.611466666666667
"ITB_T1","PGK_Tune",0.5956,0.5956,0.5956
"BUF_T1","PGK_Tune",0.581066666666667,0.581066666666667,0.581066666666667
"SP_T1","PGK_Tune",0.588,0.588,0.588
"IR_T2","PGK_Tune",0.8428,0.8428,0.8428
"ITB_T2","PGK_Tune",0.866266666666667,0.866266666666667,0.866266666666667
"SP_T2","PGK_Tune",0.905866666666667,0.905866666666667,0.905866666666667
"IR_T1","PGK_All",0.633333333333333,0.633333333333333,0.633333333333333
"ITB_T1","PGK_All",0.631733333333333,0.631733333333333,0.631733333333333
"BUF_T1","PGK_All",0.661066666666667,0.661066666666667,0.661066666666667
"SP_T1","PGK_All",0.684333333333333,0.684333333333333,0.684333333333333
"IR_T2","PGK_All",0.8188,0.8188,0.8188
"ITB_T2","PGK_All",0.862,0.862,0.862
"SP_T2","PGK_All",0.9018,0.9018,0.9018
"IR_T1","PGK_Short",0.6824,0.6824,0.6824
"ITB_T1","PGK_Short",0.6908,0.6908,0.6908
"BUF_T1","PGK_Short",0.7668,0.7668,0.7668
"SP_T1","PGK_Short",0.8094,0.8094,0.8094
"IR_T2","PGK_Short",0.7812,0.7812,0.7812
"ITB_T2","PGK_Short",0.8544,0.8544,0.8544
"SP_T2","PGK_Short",0.8904,0.8904,0.8904
"IR_T1","PGK_Medium",0.6082,0.6082,0.6082
"ITB_T1","PGK_Medium",0.6208,0.6208,0.6208
"BUF_T1","PGK_Medium",0.6604,0.6604,0.6604
"SP_T1","PGK_Medium",0.692,0.692,0.692
"IR_T2","PGK_Medium",0.8386,0.8386,0.8386
"ITB_T2","PGK_Medium",0.8654,0.8654,0.8654
"SP_T2","PGK_Medium",0.9188,0.9188,0.9188
"IR_T1","PGK_Long",0.6094,0.6094,0.6094
"ITB_T1","PGK_Long",0.5836,0.5836,0.5836
"BUF_T1","PGK_Long",0.556,0.556,0.556
"SP_T1","PGK_Long",0.5516,0.5516,0.5516
"IR_T2","PGK_Long",0.8366,0.8366,0.8366
"ITB_T2","PGK_Long",0.8662,0.8662,0.8662
"SP_T2","PGK_Long",0.8962,0.8962,0.8962
"IR_T1","PRed_All",0.257266666666667,0.257266666666667,0.257266666666667
"ITB_T1","PRed_All",0.2874,0.2874,0.2874
"BUF_T1","PRed_All",0.271066666666667,0.271066666666667,0.271066666666667
"SP_T1","PRed_All",0.2218,0.2218,0.2218
"IR_T2","PRed_All",0.099,0.099,0.099
"ITB_T2","PRed_All",0.1048,0.1048,0.1048
"SP_T2","PRed_All",0.0663333333333333,0.0663333333333333,0.0663333333333333
"IR_T1","SB_SBMSY_All",1.58989754986712,1.58989754986712,1.58989754986712
"ITB_T1","SB_SBMSY_All",1.65313476481502,1.65313476481502,1.65313476481502
"BUF_T1","SB_SBMSY_All",1.71525815970345,1.71525815970345,1.71525815970345
"SP_T1","SB_SBMSY_All",1.73823627515097,1.73823627515097,1.73823627515097
"IR_T2","SB_SBMSY_All",2.02337286086355,2.02337286086355,2.02337286086355
"ITB_T2","SB_SBMSY_All",2.33727110968375,2.33727110968375,2.33727110968375
"SP_T2","SB_SBMSY_All",2.45548503248027,2.45548503248027,2.45548503248027
"IR_T1","F_FMSY_All",2.06632386912896,2.06632386912896,2.06632386912896
"ITB_T1","F_FMSY_All",2.32746488414337,2.32746488414337,2.32746488414337
"BUF_T1","F_FMSY_All",2.44967022138522,2.44967022138522,2.44967022138522
"SP_T1","F_FMSY_All",1.95845795179915,1.95845795179915,1.95845795179915
"IR_T2","F_FMSY_All",1.04372697432704,1.04372697432704,1.04372697432704
"ITB_T2","F_FMSY_All",1.00403627318332,1.00403627318332,1.00403627318332
"SP_T2","F_FMSY_All",0.861868571370356,0.861868571370356,0.861868571370356
"IR_T1","SB_SBMSY_Min",0.76693690229976,0.76693690229976,0.76693690229976
"ITB_T1","SB_SBMSY_Min",0.925132060875535,0.925132060875535,0.925132060875535
"BUF_T1","SB_SBMSY_Min",0.842731399863843,0.842731399863843,0.842731399863843
"SP_T1","SB_SBMSY_Min",0.708851832082942,0.708851832082942,0.708851832082942
"IR_T2","SB_SBMSY_Min",1.09048564411865,1.09048564411865,1.09048564411865
"ITB_T2","SB_SBMSY_Min",1.49000311087943,1.49000311087943,1.49000311087943
"SP_T2","SB_SBMSY_Min",1.41747451000456,1.41747451000456,1.41747451000456
"IR_T1","Safety_SB",0.702,0.702,0.702
"ITB_T1","Safety_SB",0.676,0.676,0.676
"BUF_T1","Safety_SB",0.632,0.632,0.632
"SP_T1","Safety_SB",0.672,0.672,0.672
"IR_T2","Safety_SB",0.894,0.894,0.894
"ITB_T2","Safety_SB",0.89,0.89,0.89
"SP_T2","Safety_SB",0.922,0.922,0.922
"IR_T1","PLim_SB",0.8406,0.8406,0.8406
"ITB_T1","PLim_SB",0.806933333333333,0.806933333333333,0.806933333333333
"BUF_T1","PLim_SB",0.8056,0.8056,0.8056
"SP_T1","PLim_SB",0.858333333333333,0.858333333333333,0.858333333333333
"IR_T2","PLim_SB",0.933933333333333,0.933933333333333,0.933933333333333
"ITB_T2","PLim_SB",0.925266666666667,0.925266666666667,0.925266666666667
"SP_T2","PLim_SB",0.942333333333333,0.942333333333333,0.942333333333333
"IR_T1","PLim_F",0.787533333333333,0.787533333333333,0.787533333333333
"ITB_T1","PLim_F",0.761066666666667,0.761066666666667,0.761066666666667
"BUF_T1","PLim_F",0.766666666666667,0.766666666666667,0.766666666666667
"SP_T1","PLim_F",0.8114,0.8114,0.8114
"IR_T2","PLim_F",0.923533333333333,0.923533333333333,0.923533333333333
"ITB_T2","PLim_F",0.922733333333333,0.922733333333333,0.922733333333333
"SP_T2","PLim_F",0.943733333333333,0.943733333333333,0.943733333333333
"IR_T1","Yield_All",43983.2183768698,43983.2183768698,43983.2183768698
"ITB_T1","Yield_All",41084.5956676096,41084.5956676096,41084.5956676096
"BUF_T1","Yield_All",42136.700722025,42136.700722025,42136.700722025
"SP_T1","Yield_All",44848.4302761192,44848.4302761192,44848.4302761192
"IR_T2","Yield_All",40467.1824484093,40467.1824484093,40467.1824484093
"ITB_T2","Yield_All",33910.1948537422,33910.1948537422,33910.1948537422
"SP_T2","Yield_All",34190.89217435,34190.89217435,34190.89217435
"IR_T1","Yield_Short",47229.0842136436,47229.0842136436,47229.0842136436
"ITB_T1","Yield_Short",45189.6363304786,45189.6363304786,45189.6363304786
"BUF_T1","Yield_Short",41665.7948177968,41665.7948177968,41665.7948177968
"SP_T1","Yield_Short",41028.797713085,41028.797713085,41028.797713085
"IR_T2","Yield_Short",42575.6022606667,42575.6022606667,42575.6022606667
"ITB_T2","Yield_Short",34382.8042268701,34382.8042268701,34382.8042268701
"SP_T2","Yield_Short",31105.6559841822,31105.6559841822,31105.6559841822
"IR_T1","Yield_Medium",44883.7080698824,44883.7080698824,44883.7080698824
"ITB_T1","Yield_Medium",40468.4325440708,40468.4325440708,40468.4325440708
"BUF_T1","Yield_Medium",43093.4643431342,43093.4643431342,43093.4643431342
"SP_T1","Yield_Medium",47858.7840569569,47858.7840569569,47858.7840569569
"IR_T2","Yield_Medium",39757.0023374602,39757.0023374602,39757.0023374602
"ITB_T2","Yield_Medium",33746.7061823809,33746.7061823809,33746.7061823809
"SP_T2","Yield_Medium",35308.2804131924,35308.2804131924,35308.2804131924
"IR_T1","Yield_Long",39836.8628470832,39836.8628470832,39836.8628470832
"ITB_T1","Yield_Long",37595.7181282794,37595.7181282794,37595.7181282794
"BUF_T1","Yield_Long",41650.843005144,41650.843005144,41650.843005144
"SP_T1","Yield_Long",45657.7090583157,45657.7090583157,45657.7090583157
"IR_T2","Yield_Long",39068.9427471009,39068.9427471009,39068.9427471009
"ITB_T2","Yield_Long",33601.0741519757,33601.0741519757,33601.0741519757
"SP_T2","Yield_Long",36158.7401256754,36158.7401256754,36158.7401256754
"IR_T1","AAV_TAC",0.131443473264232,0.131443473264232,0.131443473264232
"ITB_T1","AAV_TAC",0.0668378440779826,0.0668378440779826,0.0668378440779826
"BUF_T1","AAV_TAC",0.0443229004557274,0.0443229004557274,0.0443229004557274
"SP_T1","AAV_TAC",0.11471451755196,0.11471451755196,0.11471451755196
"IR_T2","AAV_TAC",0.158742125401474,0.158742125401474,0.158742125401474
"ITB_T2","AAV_TAC",0.0521227321628028,0.0521227321628028,0.0521227321628028
"SP_T2","AAV_TAC",0.0978073281810631,0.0978073281810631,0.0978073281810631
"IR_T1","P_TACLimited",0.7562,0.7562,0.7562
"ITB_T1","P_TACLimited",0.2806,0.2806,0.2806
"BUF_T1","P_TACLimited",0.2332,0.2332,0.2332
"SP_T1","P_TACLimited",0.5994,0.5994,0.5994
"IR_T2","P_TACLimited",0.5918,0.5918,0.5918
"ITB_T2","P_TACLimited",0.0822,0.0822,0.0822
"SP_T2","P_TACLimited",0.3166,0.3166,0.3166
